US-GA-ATLANTA,ATL,
US-TX-AUSTIN,AUS,AUSTIN
US-MA-CAMBRIDGE,CAM,CAMBRIDGE
US-IL-CHICAGO,CHI,CHICAGO
US-IL-CLEVELAND,CLE,CLEVELAND
US-TX-DALLAS,DAL,DALLAS
US-CO-DENVER,DEN,DENVER
US-MI-DETROIT,DET,DETROIT
US-TX-HOUSTON,HOU,HOUSTON
US-IN-INDIANAPOLIS,IND,INDIANAPOLIS
US-KS-KANSASCITY,KAN,KANSAS CITY
US-CA-LOSANGELES,LA,LOS ANGELES
US-WI-MADISON,MAD,MADISON
US-TN-NASHVILLE,NAS,NASHVILLE
US-LA-NEWORLEANS,NO,NEW ORLEANS
US-NY-NEWYORK,NY,NEW YORK
US-FL-ORLANDO,ORL,ORLANDO
US-PA-PHILADELPHIA,PA,PHILADELPHIA
US-AZ-PHOENIX,PHX,PHOENIX
US-TX-SANANTONIO,SA,SAN ANTONIO
US-CA-SANDIEGO,SD,SAN DIEGO
US-CA-SANFRANCISCO,SF,SAN FRANCISCO
US-MO-STLOUIS,STL,ST. LOUIS
US-WA-SEATTLE,SEA,SEATTLE
US-DC-WASHINGTON,WAS,WASHINGTON
